{"cameraMode":{"drawMode":0,"name":"Shaded","section":"Shading Mode"},"sceneLighting":true,"audioPlay":false,"sceneViewState":{"m_AlwaysRefresh":false,"showFog":true,"showSkybox":false,"showFlares":true,"showImageEffects":true,"showParticleSystems":true,"showVisualEffectGraphs":true,"m_FxEnabled":true},"in2DMode":false,"pivot":{"x":1172.58642578125,"y":201.68667602539063,"z":1525.046142578125},"rotation":{"x":0.05961897596716881,"y":0.24569439888000489,"z":-0.015024835243821144,"w":0.9675989747047424},"size":80.21197509765625,"orthographic":false}